,wetlandtype,mae_mean,r_mean,r2_mean,mae_std,r_std,r2_std
0,All,23.61694,0.871458393,0.754863249,1.6630055,0.022330682,0.038145686
